year,min_extent_date,min_extent_1e6_km2,min_extent_km2
2000,2000-09-11,5.943,5943000
2001,2001-09-19,6.567,6567000
2002,2002-09-18,5.625,5625000
2003,2003-09-17,5.969,5969000
2004,2004-09-18,5.770,5770000
2005,2005-09-20,5.314,5314000
2006,2006-09-14,5.746,5746000
2007,2007-09-14,4.147,4147000
2008,2008-09-18,4.548,4548000
2009,2009-09-12,5.047,5047000
2010,2010-09-19,4.590,4590000
2011,2011-09-08,4.333,4333000
2012,2012-09-16,3.340,3340000
2013,2013-09-13,5.040,5040000
2014,2014-09-16,4.988,4988000
2015,2015-09-08,4.387,4387000
2016,2016-09-07,4.145,4145000
2017,2017-09-13,4.635,4635000
2018,2018-09-21,4.630,4630000
2019,2019-09-18,4.166,4166000
2020,2020-09-13,3.793,3793000
2021,2021-09-14,4.757,4757000
2022,2022-09-15,4.692,4692000
2023,2023-09-17,4.244,4244000
